{
  "width": 640,
  "height": 360,
  "fps": 30,
  "main": "./script/aez_bundle_main.js",
  "assets": {
    "ghost": {
      "type": "image",
      "width": 200,
      "height": 240,
      "path": "files/eae7923c0354ca527fb5.png",
      "virtualPath": "image/ghost.png",
      "hint": {
        "untainted": true
      }
    },
    "anchor": {
      "type": "image",
      "width": 80,
      "height": 80,
      "path": "files/38c1c6e2f667393002c4.png",
      "virtualPath": "image/anchor.png",
      "hint": {
        "untainted": true
      }
    },
    "ghost2": {
      "type": "image",
      "width": 220,
      "height": 264,
      "path": "files/5742a32fa23847790bd0.png",
      "virtualPath": "image/ghost2.png",
      "hint": {
        "untainted": true
      }
    },
    "map": {
      "type": "image",
      "width": 110,
      "height": 110,
      "path": "files/0c145d36d9aa83fc016e.png",
      "virtualPath": "image/map.png",
      "hint": {
        "untainted": true
      }
    },
    "img_numbers_n": {
      "type": "image",
      "width": 364,
      "height": 64,
      "path": "files/3dcf3291221e5531e18c.png",
      "virtualPath": "image/img_numbers_n.png",
      "hint": {
        "untainted": true
      }
    },
    "test": {
      "type": "text",
      "path": "files/13f8483e8e0aa4660e8e.json",
      "virtualPath": "text/test.json"
    },
    "help": {
      "type": "image",
      "width": 500,
      "height": 360,
      "path": "files/d3879acd0c632c7d539d.png",
      "virtualPath": "image/help.png",
      "hint": {
        "untainted": true
      }
    },
    "title": {
      "type": "image",
      "width": 500,
      "height": 360,
      "path": "files/6a2fc763d1ca590c49f9.png",
      "virtualPath": "image/title.png",
      "hint": {
        "untainted": true
      }
    },
    "helpbtn": {
      "type": "image",
      "width": 40,
      "height": 40,
      "path": "files/4ec75aa8d6798af37dbc.png",
      "virtualPath": "image/helpbtn.png",
      "hint": {
        "untainted": true
      }
    },
    "finish": {
      "type": "image",
      "width": 360,
      "height": 150,
      "path": "files/2ff0304073c2deea7fdc.png",
      "virtualPath": "image/finish.png",
      "hint": {
        "untainted": true
      }
    },
    "start": {
      "type": "image",
      "width": 500,
      "height": 150,
      "path": "files/fad71188a75b7f48f032.png",
      "virtualPath": "image/start.png",
      "hint": {
        "untainted": true
      }
    },
    "win": {
      "type": "image",
      "width": 500,
      "height": 500,
      "path": "files/844b401adff0ab4b4621.png",
      "virtualPath": "image/win.png",
      "hint": {
        "untainted": true
      }
    },
    "bgm": {
      "type": "audio",
      "path": "files/6e6ed82de3ca7cdfa409",
      "systemId": "music",
      "duration": 52000,
      "virtualPath": "audio/bgm"
    },
    "bell": {
      "type": "audio",
      "path": "files/b6f1b7cd4938a9484448",
      "systemId": "sound",
      "duration": 630,
      "virtualPath": "audio/bell"
    },
    "knight": {
      "type": "audio",
      "path": "files/31c04f50096a9a56a486",
      "systemId": "sound",
      "duration": 654,
      "virtualPath": "audio/knight"
    },
    "se_move": {
      "type": "audio",
      "path": "files/105078447221bd04ffe3",
      "systemId": "sound",
      "duration": 105,
      "virtualPath": "audio/se_move"
    },
    "se_start": {
      "type": "audio",
      "path": "files/9a33ab5f9c9b2521552d",
      "systemId": "sound",
      "duration": 1701,
      "virtualPath": "audio/se_start"
    },
    "se_timeup": {
      "type": "audio",
      "path": "files/3cd7bec6fc575a6d73a7",
      "systemId": "sound",
      "duration": 1080,
      "virtualPath": "audio/se_timeup"
    },
    "zombie": {
      "type": "audio",
      "path": "files/b8a1d054c584023588c9",
      "systemId": "sound",
      "duration": 835,
      "virtualPath": "audio/zombie"
    },
    "king": {
      "type": "audio",
      "path": "files/bf1b3d4fb047248dddf5",
      "systemId": "sound",
      "duration": 1437,
      "virtualPath": "audio/king"
    },
    "aez_bundle_main": {
      "type": "script",
      "global": true,
      "path": "files/f086925699839f7a9594.js",
      "virtualPath": "script/aez_bundle_main.js"
    }
  },
  "environment": {
    "sandbox-runtime": "2",
    "niconico": {
      "supportedModes": [
        "multi"
      ]
    },
    "external": {
      "send": "0"
    },
    "akashic-runtime": {
      "version": "~2.1.37",
      "flavor": "-canvas"
    }
  },
  "globalScripts": [],
  "moduleMainScripts": {
    "@akashic-extension/akashic-timeline": "node_modules/@akashic-extension/akashic-timeline/lib/index.js"
  },
  "exportZipInfo": {
    "version": "0.6.4",
    "option": {
      "force": true,
      "strip": true,
      "minify": false,
      "bundle": true,
      "babel": true,
      "omitEmptyJs": true
    }
  }
}